sentiment,text,user
"positive","RT @drakepbennett: So I wrote about two different approaches to the problem. One is to find more cobalt. There's a startup called KoBold ba‚Ä¶","catearthjustice"
"neutral","@Naija_PR History and Data Science\n\nThese two give deep insight, it is left for you to act. How then are you lookin‚Ä¶ https://t.co/a9GHuNA9ZY","Kingp04526264"
"neutral","RT @crigatuso: The different #datascience roles in the industry - @KDnuggets: \n\n#DataAnalyst #DataEngineer #DataScientists  #DataCamp #Info‚Ä¶","Skyfollow"
"positive","RT @crigatuso: Why #Python is One of the Most Preferred Languages for #DataScience? \n\n#DataScientists #BigData #Analytics #DataVisualizatio‚Ä¶","Skyfollow"
"neutral","@Encrypted010 @suiramoon @MattWalshBlog since you dont seem like some one that likes to read in science theory is b‚Ä¶ https://t.co/VZ93bpKioq","_Tim12345"
"neutral","RT @MissesDread: Instead of trying to argue about science and data with people who don't understand science or data...\n\nlet's just face the‚Ä¶","Fleurdelisazure"
"positive","RT @PeterWMurphy1: Huge congratulations to @covidbaseau's Jack, Darcy and Wesley on your outstanding work providing Covid data. So good to‚Ä¶","AustinDocherty"
"positive","@GraceOSllvn Litter mapping is an important catalyst for citizen science and community empowerment but is obviously‚Ä¶ https://t.co/JbTDwkK1p1","OpenLitterMap"
"negative","@RobbinBobbin5 @RodneyNCulleton It's truly terrifying the lack of open debate in this horrendously dark age of scie‚Ä¶ https://t.co/bhRLmXni2j","antinodales"
"negative","RT @FreedomAllian11: Bombshell new study authored by an international group of scientists blows the lid off the criminal distortion and man‚Ä¶","FreedomAllian11"
"positive","RT @mssgellis: Maths teachers and those interested in teaching Data Science. Join us at Pawsey Super Computing Centre on ways to engage you‚Ä¶","MAWAinc"
"positive","RT @DigitalEdwyn: Python is the most preferred language for data science tasks. ü§ì\n\nHere's the most comprehensive Cheat-sheet about 'Python‚Ä¶","DjangoBot_"
"positive","RT @mssgellis: Maths teachers and those interested in teaching Data Science. Join us at Pawsey Super Computing Centre on ways to engage you‚Ä¶","DoonaB1123"
"neutral","Oggi le aziende non possono ignorare l'analisi dei dati per prendere decisioni strategiche e vincere la competizion‚Ä¶ https://t.co/Sb2LaKDiMd","antgrasso_IT"
"positive","@pattymiller1959 everything we know about science in general and vaccines in particular. We‚Äôve got a year of data n‚Ä¶ https://t.co/M1LOuc1k1x","AmirPars_"
"negative","The media portrays Fred Thompson as 94% negative based on recent news articles using data science #FredThompson N/A‚Ä¶ https://t.co/175Q9GVD4V","politic_nation"
"positive","@EvaSmartAI @bimedotcom @BetaMoroney @tlloydjones @Khulood_Almani Really excited by these developments. Was listeni‚Ä¶ https://t.co/aRwWHpeAGB","MikeNashTech"
"positive","According to @Pfizer's Frank DePierro, SAS is \"the bread and butter of many of the algorithms we write that statist‚Ä¶ https://t.co/nhATZCd9o7","seresilv"
"negative","RT @bluehatman: @davidjthunder That's been my observation as well, going by the people I've asked. They blindly trust authorities &amp; no crit‚Ä¶","GMcBeath"
"negative","RT @periodofperiod: Privilege to contribute in a small way on this paper‚Ä¶\n\n‚ÄúInvisible Sportswomen‚Äù: The Sex Data Gap in Sport &amp; Exercise Sc‚Ä¶","TracyEdwardsMBE"
"positive","You've got loads of processing tasks to run. Is there an easy way to batch these? Learn how you can automate your‚Ä¶ https://t.co/fg542dks4V","agrundey"
"positive","RT @PeterWMurphy1: Huge congratulations to @covidbaseau's Jack, Darcy and Wesley on your outstanding work providing Covid data. So good to‚Ä¶","IvankaVic16"
"neutral","PowerPoint\nComputer science \nGeometry\nPsychology\nHistory\nTrigonometry\nScience\nMathlab\nSociology\nData analysis\nThesi‚Ä¶ https://t.co/xKbGspxa9z","OnPointWriters2"
"neutral","ü§ñ Join Adrian Damaschin, Staff Software Engineer - Data Science Engineering GoPro, at Big Data Week Conference. He‚Ä¶ https://t.co/Qzn5Si5BLH","bigdataweek"
"positive","RT @vidzette: When the Left insists that we should \"follow the science,\" that's exactly what we should do.\nhttps://t.co/BH1Ods6xeG","venus48527670"
"negative","@bronson_sandy There is no experimental data to support, no scientific basis to follow, distort the facts, distort‚Ä¶ https://t.co/f7wPVrwmO3","JonahAntonio2"
"positive","Analyzing financial #data can be both art and science when mixed with right questions, #analytics,  and  #insights,‚Ä¶ https://t.co/3T2iX3oUZv","shailes76693379"
"neutral","Data Science Intern, Fall 2021 CRYPTO CRYPTO NEWS - https://t.co/mM7Wg6LnqW","CryptoCryptoNe3"
"neutral","RT @BeilsteinInst: Chat with us at a virtual coffee bar ‚òï!\n\nüìÖ October 5‚Äì7, 2021, ONLINE\n\nRegister NOW for the upcoming Beilstein #OpenScien‚Ä¶","rimamrahal"
"positive","RT @RESONATE_forest: Europe¬¥s eyes on Earth to combat #climatechange effects in forests: new publication by @CeciliaFraccar1 @marcuslindner‚Ä¶","DreyerErwin"
"neutral","RT @CronosGroep: THE WORD IS OUT!üò±\n\n@InfoFarm_be  stopt als ‚ÄòData Science Company‚Äô‚Ä¶\n\nLees de nieuwste blog post en ontdek waarom de tagline‚Ä¶","BenVermeersch"
"positive","@SG73127916 @Kanshuk @JanseKristine It's not obtuse at all. You reduced it to some kind of battle of scientists whe‚Ä¶ https://t.co/YX9JWpcpbx","MarkDavidsonAfr"
"positive","RT @PeterWMurphy1: Huge congratulations to @covidbaseau's Jack, Darcy and Wesley on your outstanding work providing Covid data. So good to‚Ä¶","_Duck_Tweeting"
"positive","The Bayes Centre (@BayesCentre) in Edinburgh is welcoming 12 new Turing Fellows, in partnership with @turinginst.‚Ä¶ https://t.co/CCRa66tPT9","ScotAIStrategy"
"positive","RT @SeunDuro1: After 4 days of intense training on data journalism by @Dataphyte , I have learned the importance of data journalism and how‚Ä¶","biodun_alao"
"neutral","RT @NzmDeryaVarol: Burada anlattƒ±ƒüƒ±mƒ±z konular Yapay Zeka'daki Makina √ñƒürenmesi'nin(Machine Learning), Veri Bilimi'nin(Data Science), hatta‚Ä¶","NzmDeryaVarol"
"neutral","RT @amelia_acker: The iSchool at UT is looking for an Assistant Professor in Human-Centered Data Science or Human-Computer Interaction\nhttp‚Ä¶","johnrayknight"
"neutral","@VerityHarper0x0 @Barrymorcom @bidle_b @ohhellotroll @SkyNews I am pro vaccine &amp; double jabbed but actually the dat‚Ä¶ https://t.co/fSZbTSTf5c","MichaelHohenst1"
"positive","RT @kbkarlson: üö© I'm hiring üö©\n\n3-year fully funded postdoc on ERC project on the social mobility of siblings. Looking for: Social science c‚Ä¶","lara_mckenzie"
"positive","RT @PY_PlainEnglish: Learning Data Science Is Not at All Easy, It Is Overwhelming: https://t.co/7AuolvpUm6 #DataScience #Programming #Machi‚Ä¶","blackpeopledata"
"positive","RT @PY_PlainEnglish: Learning Data Science Is Not at All Easy, It Is Overwhelming: https://t.co/7AuolvpUm6 #DataScience #Programming #Machi‚Ä¶","NVSData"
"positive","@JoeS619 How‚Äôs much data does it take for people to understand that concept? Apparently they are the ones who don‚Äôt‚Ä¶ https://t.co/8dKxIn1BEw","JulJul89981911"
"positive","@theAliceRoberts @cv_cev Really, Alice?\nI spent c. 15 years doing my little bit to argue against (mainly) one type‚Ä¶ https://t.co/pymLjmvjLB","OfEmsworth"
"positive","RT @SensibleUtd: This also lead to United completely revamping their scouting network making it the biggest in the world. Similarly across‚Ä¶","KingdomPhysio"
"positive","RT @PeterWMurphy1: Huge congratulations to @covidbaseau's Jack, Darcy and Wesley on your outstanding work providing Covid data. So good to‚Ä¶","BlotReport"
"positive","Learning Data Science Is Not at All Easy, It Is Overwhelming: https://t.co/7AuolvpUm6 #DataScience #Programming‚Ä¶ https://t.co/nbo8JSF7GH","PY_PlainEnglish"
"neutral","@vowelmovement @RaymondOmara1 @DeJokke89 @Rossana38510044 Anecdotal stories aren‚Äôt science \n\nWanna see the segregat‚Ä¶ https://t.co/qvMt3Etn1l","Andy27646517"
"positive","RT @phillip62895700: LET'S KEEP TALKING ABOUT;\nGlobalists\nJews\nThe Great Replacement\nThe Great Reset\nAgenda 2030\nFake Panics\nMass Immigrati‚Ä¶","AlphaGoII1"
"neutral","RT @francescadomin8: We are hiring! we have several positions in data science, climate, and health, https://t.co/jeCe0IvHAz  @harvard_data‚Ä¶","CristianPattaro"
"neutral","RT @mamadou_bamba_: Le Groupe @orange acc√©l√®re la mont√©e en comp√©tences en data et IA pour faire face aux d√©fis de la donn√©e. Apr√®s la grad‚Ä¶","difco01"
"positive","RT @samuel_wong_: A Complete Guide on Sampling Techniques for Data Science https://t.co/Ap1HcWM7op","DD_Jessica_"
"neutral","RT @Bayer4Crops: The invisible engine underneath some of the biggest innovations in #SmartFarming today? #Data. @bobsreiter, Crop Science H‚Ä¶","DEKALB_ES"
"negative","RT @periodofperiod: Privilege to contribute in a small way on this paper‚Ä¶\n\n‚ÄúInvisible Sportswomen‚Äù: The Sex Data Gap in Sport &amp; Exercise Sc‚Ä¶","DrMarkBurnley"
"positive","RT @SensibleUtd: United's famed academy had been neglected. There was no pipeline in place for academy talents to move to the first team.‚Ä¶","KingdomPhysio"
"positive","@sobri @acphnz Here in NZ it absolutely is about govt. narratives, media and personality pseudo-science.\n\nI don't f‚Ä¶ https://t.co/GGDllpmb9q","pohutukawa"
"positive","RT @freeges: Welcome to the 2021 DataScienceDay@UiO! Exciting programme, meet a lot of people (incl our new prime minister!) and enjoy the‚Ä¶","phydev_"
"positive","RT @DigitalEdwyn: Python is the most preferred language for data science tasks. ü§ì\n\nHere's the most comprehensive Cheat-sheet about 'Python‚Ä¶","PythonExpertBot"
"neutral","RT @utviklerpodden: Episode 13 ute! I denne episoden prater @OysteinVesth med @Keegil fra @odanorge om MLOps og data science platformen de‚Ä¶","hamardigirama1"
"negative","RT @periodofperiod: Privilege to contribute in a small way on this paper‚Ä¶\n\n‚ÄúInvisible Sportswomen‚Äù: The Sex Data Gap in Sport &amp; Exercise Sc‚Ä¶","slightlyatsea"
"neutral","@PeterSchorschFL Well, there's science and/or bias; then there's ignorance and/or incompetence. Since a fields stan‚Ä¶ https://t.co/EhicD7x1yK","justice2jesus"
"neutral","RT @CatherineAdenle: Infographic: Data Science Lifecycle \n\n#programming #database #Data #DataScientists #codenewbies #Analytics #BigData #R‚Ä¶","morolswediu"
"positive","RT @RuiTrader: It¬¥s a good one with tons of pratical code üòÄ #RStats  #Python #datascience üòÄhttps://t.co/OVlrJvdJmv","rstats_tweets"
"positive","RT @DigitalEdwyn: Python is the most preferred language for data science tasks. ü§ì\n\nHere's the most comprehensive Cheat-sheet about 'Python‚Ä¶","SeedeyGood"
"positive","RT @europlanetmedia: üî≠ #VESPA (Virtual European Solar and Planetary Access) is developing a Virtual Observatory and new tools for planetary‚Ä¶","AnnaFoukalova"
"positive","RT @BayesCentre: Through partnership with @turinginst, we will welcome 12 new Turing Fellows to provide leadership in creative and innovati‚Ä¶","ScotAIStrategy"
"positive","RT @ipfconline1: Top 10 #DataScience Topics and Areas\n\nhttps://t.co/yB0sdhJrpv v/ @learnandmakeit\n\n#AI #MachineLearning #Coding #DevOps #De‚Ä¶","100DaysOf2020"
"neutral","RT @BeilsteinInst: Chat with us at a virtual coffee bar ‚òï!\n\nüìÖ October 5‚Äì7, 2021, ONLINE\n\nRegister NOW for the upcoming Beilstein #OpenScien‚Ä¶","rachaellammey"
"neutral","RT @CatherineAdenle: Infographic: Data Science Lifecycle \n\n#programming #database #Data #DataScientists #codenewbies #Analytics #BigData #R‚Ä¶","Oslobigdataday"
"positive","Hi üëã if you are interested in:\n\nüêç Python\nü™Ñ Data Science\nüî® Career Advice\n\nFollow me. ‚úî\n\nI'm planning on using Twitte‚Ä¶ https://t.co/mI2R2pSAwJ","PromettreK"
"neutral","RT @nedryun: \"So when you see those people‚Äîand we‚Äôve all seen them‚Äîwalking outside by themselves, or in a car all by themselves, yet wearin‚Ä¶","healthcoachkim3"
"neutral","RT @machinelearnflx: Data Science for Marketing Analytics https://t.co/AFjvw7wvhV  #machinelearning #datascience #bigdata #ad","samadovaabditch"
"positive","RT @machinelearnflx: What‚Äôs New with Graph Data Science: GDS 1.7 Release https://t.co/PUqf3zuJT1  #DataScience","samadovaabditch"
"positive","RT @RuiTrader: It¬¥s a good one with tons of pratical code üòÄ #RStats  #Python #datascience üòÄhttps://t.co/OVlrJvdJmv","CodeWithTwitchi"
"positive","RT @matthewrbroome: Lecturer + Senior Lecturer posts at @unibirmingham School of Psychology - great opportunities for those interested in m‚Ä¶","GemmaLewis13"
"positive","RT @RuiTrader: It¬¥s a good one with tons of pratical code üòÄ #RStats  #Python #datascience üòÄhttps://t.co/OVlrJvdJmv","BlkHwk0ps"
"positive","RT @RuiTrader: It¬¥s a good one with tons of pratical code üòÄ #RStats  #Python #datascience üòÄhttps://t.co/OVlrJvdJmv","py_data_sci"
"positive","RT @ipfconline1: Top 10 #DataScience Topics and Areas\n\nhttps://t.co/yB0sdhJrpv v/ @learnandmakeit\n\n#AI #MachineLearning #Coding #DevOps #De‚Ä¶","DjangoBot_"
"positive","RT @DigitalEdwyn: Python is the most preferred language for data science tasks. ü§ì\n\nHere's the most comprehensive Cheat-sheet about 'Python‚Ä¶","morolswediu"
"positive","RT @ipfconline1: Top 10 #DataScience Topics and Areas\n\nhttps://t.co/yB0sdhJrpv v/ @learnandmakeit\n\n#AI #MachineLearning #Coding #DevOps #De‚Ä¶","powerbi_pros"
"positive","RT @antgrasso: Today, companies cannot ignore data analysis to make strategic decisions and win the competition. Whoever embraces data scie‚Ä¶","powerbi_pros"
"positive","RT @DigitalEdwyn: Python is the most preferred language for data science tasks. ü§ì\n\nHere's the most comprehensive Cheat-sheet about 'Python‚Ä¶","py_data_sci"
"negative","RT @MRobertsQLD: Insane. Revealing yet again that state &amp; federal mismanagement of Covid aims to control &amp; is not based on objective scienc‚Ä¶","JohnRicho45"
"neutral","RT @Stephen_MacNeil: üì¢ Call for PhD Students - please RT! \n\nI'm starting an HCI lab @TempleCIS in Philly. We‚Äôre focusing on democratizing e‚Ä¶","mercy4kings"
"neutral","Middle Data Science\nhttps://t.co/vjre5R7zY2","VacanciesinUkr1"
"neutral","RT @KirkDBorne: Fraud Detection Software ‚Äî Features &amp; Characteristics: https://t.co/q95FFwLUTF \n‚Äî‚Äî\n#abdsc #BigData #DataScience #GraphAnaly‚Ä¶","the404code"
"neutral","When researching data science Python will quite often come up as a software of choice with data scientists - but wh‚Ä¶ https://t.co/ICeWbwsVf3","southamptondata"
"neutral","#DigitalHealth ver√§ndert Gesundheitssysteme weltweit. Eine Analyse des #IQVIAInstitute for Human Data Science gibt‚Ä¶ https://t.co/lQZLdCDPN9","IQVIA_Germany"
"neutral","Von Data Science √ºber AI bis Process Automation: Tauschen Sie sich mit unseren Experten und Verantwortlichen andere‚Ä¶ https://t.co/5LRuKPHApR","AllforOneGroup"
"negative","RT @esaspaceflight: For 5 days, 20 women are tucking themselves in waterbeds for a dry immersion study that recreates some effects of space‚Ä¶","NodotHelene"
"positive","RT @GraceRichards__: Interested in finding out more about #VESPA? It uses Virtual Observatory techniques to handle Planetary Science data üî≠‚Ä¶","europlanetmedia"
"positive","RT @ipfconline1: Top 10 #DataScience Topics and Areas\n\nhttps://t.co/yB0sdhJrpv v/ @learnandmakeit\n\n#AI #MachineLearning #Coding #DevOps #De‚Ä¶","AzurFlorian"
"positive","RT @antgrasso: Today, companies cannot ignore data analysis to make strategic decisions and win the competition. Whoever embraces data scie‚Ä¶","AzurFlorian"
"positive","RT @Manju_Leet: I am pleased to share our recently published article in #Data in Brief (#Elsevier ). We were able to generate huge #climate‚Ä¶","EarthEngineBot"
"neutral","The different #datascience roles in the industry - @KDnuggets: \n\n#DataAnalyst #DataEngineer #DataScientists‚Ä¶ https://t.co/lwrIFVufHr","crigatuso"
"positive","Through partnership with @turinginst, we will welcome 12 new Turing Fellows to provide leadership in creative and i‚Ä¶ https://t.co/c6MFoPscBA","BayesCentre"
"neutral","RT @AISaturdayLagos: Which programming language do you prefer using in  data science and why do you prefer using it ?","habeeba_llah"
"positive","It¬¥s a good one with tons of pratical code üòÄ #RStats  #Python #datascience üòÄhttps://t.co/OVlrJvdJmv","RuiTrader"
"neutral","RT @KirkDBorne: Fraud Detection Software ‚Äî Features &amp; Characteristics: https://t.co/q95FFwLUTF \n‚Äî‚Äî\n#abdsc #BigData #DataScience #GraphAnaly‚Ä¶","berhanturk"
"positive","PS: This thread is just about application of Data Science in real world analytics business.\nI am also aware that th‚Ä¶ https://t.co/KwbcXCbN5I","OGsiji"
"neutral","@socflyny The issue is it gives ammo to those against vaccinations saying they didn't use science to make the decis‚Ä¶ https://t.co/JFigsF5MAo","bmtopol"